match_id,innings,over_mark,runs_so_far,wickets_down,current_run_rate,balls_since_boundary,final_score,batting_team
71617682,1,6,58,0,9.666666666666666,0,162,Islamabad United SRL
71617682,2,6,47,2,7.833333333333333,3,163,Hyderabad Kingsmen Srl
71617798,1,6,54,3,9.0,0,148,Pretoria Capitals SRL
71617798,2,6,44,2,7.333333333333333,6,154,Joburg Super Kings SRL
71770376,1,6,45,0,7.5,1,167,England SRL
71770376,2,6,64,0,10.666666666666666,0,172,Australia SRL
71770378,1,6,29,1,4.833333333333333,8,161,Afghanistan SRL
71770378,2,6,38,0,6.333333333333333,2,165,New Zealand SRL
71770380,1,6,40,1,6.666666666666667,10,194,South Africa SRL
71770380,2,6,51,0,8.5,3,171,Pakistan SRL
71770382,1,6,59,1,9.833333333333334,5,204,India SRL
71770382,2,6,53,3,8.833333333333334,1,179,England SRL
71770384,1,6,54,2,9.0,0,177,New Zealand SRL
71770384,2,6,30,4,5.0,1,143,West Indies SRL
71770386,1,6,36,1,6.0,7,145,Pakistan SRL
71770386,2,6,42,2,7.0,1,147,Sri Lanka SRL
71770388,1,6,66,2,11.0,1,170,South Africa SRL
71770388,2,6,64,1,10.666666666666666,0,172,Australia SRL
71770390,1,6,36,1,6.0,0,130,Afghanistan SRL
71770390,2,6,54,1,9.0,0,135,Bangladesh SRL
71770392,1,6,49,2,8.166666666666666,4,180,New Zealand SRL
71770392,2,6,23,2,3.8333333333333335,3,84,Sri Lanka SRL
71770394,1,6,56,3,9.333333333333334,4,170,Australia SRL
71770394,2,6,45,2,7.5,3,171,West Indies SRL
71770396,1,6,42,3,7.0,10,190,South Africa SRL
71770396,2,6,49,1,8.166666666666666,0,176,India SRL
71770398,1,6,55,0,9.166666666666666,2,191,New Zealand SRL
71770398,2,6,43,2,7.166666666666667,0,171,England SRL
71770400,1,6,61,0,10.166666666666666,3,192,West Indies SRL
71770400,2,6,56,1,9.333333333333334,2,194,Pakistan SRL
71770402,1,6,41,3,6.833333333333333,3,153,Australia SRL
71770402,2,6,35,4,5.833333333333333,12,144,India SRL
71770404,1,6,47,0,7.833333333333333,3,167,Afghanistan SRL
71770404,2,6,37,2,6.166666666666667,6,147,Sri Lanka SRL
71770406,1,6,50,1,8.333333333333334,3,201,South Africa SRL
71770406,2,6,71,1,11.833333333333334,0,204,New Zealand SRL
71770408,1,6,40,2,6.666666666666667,4,167,India SRL
71770408,2,6,52,2,8.666666666666666,11,157,England SRL
71770410,1,6,48,1,8.0,0,153,Pakistan SRL
71770410,2,6,36,2,6.0,1,154,Australia SRL
71770412,1,6,58,0,9.666666666666666,1,193,Sri Lanka SRL
71770412,2,6,42,4,7.0,8,107,West Indies SRL
71770414,1,6,64,0,10.666666666666666,3,252,South Africa SRL
71770414,2,6,31,4,5.166666666666667,12,177,India SRL
71770416,1,6,61,2,10.166666666666666,1,187,England SRL
71770416,2,6,48,2,8.0,2,185,Australia SRL
71770428,1,6,21,3,3.5,3,145,Canterbury SRL
71770428,2,6,35,3,5.833333333333333,11,150,Auckland SRL
71770430,1,6,38,0,6.333333333333333,4,186,Northern Districts SRL
71770430,2,6,20,2,3.3333333333333335,19,93,Central Districts SRL
71770432,1,6,39,3,6.5,3,133,Auckland SRL
71770432,2,6,43,2,7.166666666666667,9,134,Northern Districts SRL
71770434,1,6,57,0,9.5,0,226,Wellington SRL
71770434,2,6,41,2,6.833333333333333,20,159,Central Districts SRL
71770436,1,6,31,1,5.166666666666667,21,159,Wellington SRL
71770436,2,6,44,1,7.333333333333333,24,162,Auckland SRL
71770438,1,6,40,2,6.666666666666667,1,145,Central Districts SRL
71770438,2,6,52,2,8.666666666666666,2,148,Auckland SRL
71770440,1,6,54,1,9.0,6,189,Northern Districts SRL
71770440,2,6,48,0,8.0,1,166,Canterbury SRL
71770442,1,6,52,1,8.666666666666666,3,171,Canterbury SRL
71770442,2,6,55,2,9.166666666666666,0,172,Wellington SRL
71770444,1,6,40,2,6.666666666666667,1,148,Northern Districts SRL
71770444,2,6,49,2,8.166666666666666,0,149,Otago SRL
71770446,1,6,43,1,7.166666666666667,5,189,Canterbury SRL
71770446,2,6,60,2,10.0,0,169,Wellington SRL
71770448,1,6,48,2,8.0,2,190,Central Districts SRL
71770448,2,6,53,2,8.833333333333334,1,172,Northern Districts SRL
71770450,1,6,63,1,10.5,0,170,Central Districts SRL
71770450,2,6,60,0,10.0,2,171,Wellington SRL
71770452,1,6,43,2,7.166666666666667,1,167,Northern Districts SRL
71770452,2,6,50,1,8.333333333333334,3,169,Auckland SRL
71770454,1,6,52,1,8.666666666666666,1,212,Wellington SRL
71770454,2,6,63,1,10.5,3,185,Central Districts SRL
71770458,1,6,54,0,9.0,0,248,Joburg Super Kings SRL
71770458,2,6,61,1,10.166666666666666,1,202,Durban Super Giants SRL
71770460,1,6,46,3,7.666666666666667,0,149,Paarl Royals SRL
71770460,2,6,56,0,9.333333333333334,0,150,Mi Cape Town SRL
71770462,1,6,51,0,8.5,0,174,Sunrisers Eastern Cape SRL
71770462,2,6,45,1,7.5,0,176,Pretoria Capitals SRL
71770464,1,6,61,1,10.166666666666666,2,174,Durban Super Giants SRL
71770464,2,6,55,1,9.166666666666666,1,177,Paarl Royals SRL
71770466,1,6,30,3,5.0,5,130,Sunrisers Eastern Cape SRL
71770466,2,6,50,0,8.333333333333334,0,131,Mi Cape Town SRL
71770468,1,6,48,2,8.0,4,182,Joburg Super Kings SRL
71770468,2,6,54,2,9.0,4,184,Pretoria Capitals SRL
71770470,1,6,60,0,10.0,2,155,Durban Super Giants SRL
71770470,2,6,61,0,10.166666666666666,3,158,Sunrisers Eastern Cape SRL
71770472,1,6,35,1,5.833333333333333,11,180,Pretoria Capitals SRL
71770472,2,6,69,2,11.5,2,183,Mi Cape Town SRL
71770474,1,6,48,1,8.0,4,193,Paarl Royals SRL
71770474,2,6,51,1,8.5,3,179,Joburg Super Kings SRL
71770476,1,6,45,3,7.5,7,168,Mi Cape Town SRL
71770476,2,6,47,3,7.833333333333333,2,151,Durban Super Giants SRL
71770478,1,6,43,2,7.166666666666667,2,159,Pretoria Capitals SRL
71770478,2,6,35,1,5.833333333333333,0,151,Paarl Royals SRL
71770480,1,6,42,1,7.0,4,187,Sunrisers Eastern Cape SRL
71770480,2,6,50,1,8.333333333333334,3,188,Joburg Super Kings SRL
71770482,1,6,71,0,11.833333333333334,2,226,Durban Super Giants SRL
71770482,2,6,56,1,9.333333333333334,7,185,Pretoria Capitals SRL
71770484,1,6,62,1,10.333333333333334,0,169,Joburg Super Kings SRL
71770484,2,6,27,2,4.5,16,162,Mi Cape Town SRL
71770486,1,6,31,2,5.166666666666667,7,135,Sunrisers Eastern Cape SRL
71770486,2,6,38,2,6.333333333333333,0,137,Paarl Royals SRL
71770488,1,6,78,0,13.0,1,217,Durban Super Giants SRL
71770488,2,6,36,1,6.0,0,192,Joburg Super Kings SRL
71770490,1,6,46,1,7.666666666666667,0,178,Paarl Royals SRL
71770490,2,6,29,3,4.833333333333333,0,132,Mi Cape Town SRL
71770492,1,6,35,0,5.833333333333333,0,175,Sunrisers Eastern Cape SRL
71770492,2,6,69,0,11.5,1,178,Pretoria Capitals SRL
71770494,1,6,65,0,10.833333333333334,0,250,Paarl Royals SRL
71770494,2,6,54,1,9.0,0,191,Durban Super Giants SRL
71770496,1,6,53,0,8.833333333333334,0,189,Mi Cape Town SRL
71770496,2,6,46,1,7.666666666666667,2,176,Sunrisers Eastern Cape SRL
71770498,1,6,52,1,8.666666666666666,0,164,Pretoria Capitals SRL
71770498,2,6,57,0,9.5,4,165,Joburg Super Kings SRL
71770500,1,6,44,1,7.333333333333333,9,199,Islamabad United SRL
71770500,2,6,46,2,7.666666666666667,3,160,Multan Sultans SRL
71770502,1,6,61,0,10.166666666666666,1,212,Peshawar Zalmi SRL
71770502,2,6,44,0,7.333333333333333,1,148,Karachi Kings SRL
71770504,1,6,43,0,7.166666666666667,8,188,Quetta Gladiators SRL
71770504,2,6,50,1,8.333333333333334,3,144,Lahore Qalandars SRL
71770506,1,6,48,0,8.0,4,198,Rawalpindiz Srl
71770506,2,6,44,2,7.333333333333333,2,175,Hyderabad Kingsmen Srl
71770508,1,6,55,1,9.166666666666666,4,177,Islamabad United SRL
71770508,2,6,49,2,8.166666666666666,8,170,Peshawar Zalmi SRL
71770510,1,6,48,2,8.0,3,128,Quetta Gladiators SRL
71770510,2,6,37,1,6.166666666666667,2,130,Karachi Kings SRL
71770512,1,6,43,3,7.166666666666667,8,127,Lahore Qalandars SRL
71770512,2,6,37,2,6.166666666666667,1,132,Rawalpindiz Srl
71770514,1,6,41,2,6.833333333333333,1,172,Multan Sultans SRL
71770514,2,6,36,2,6.0,3,132,Hyderabad Kingsmen Srl
71770516,1,6,39,2,6.5,8,185,Quetta Gladiators SRL
71770516,2,6,55,3,9.166666666666666,1,149,Islamabad United SRL
71770518,1,6,38,2,6.333333333333333,12,155,Rawalpindiz Srl
71770518,2,6,51,0,8.5,0,157,Karachi Kings SRL
71770520,1,6,39,2,6.5,3,181,Multan Sultans SRL
71770520,2,6,31,3,5.166666666666667,1,156,Lahore Qalandars SRL
71770524,1,6,52,1,8.666666666666666,0,187,Islamabad United SRL
71770524,2,6,63,0,10.5,1,188,Rawalpindiz Srl
71770526,1,6,52,0,8.666666666666666,3,195,Multan Sultans SRL
71770526,2,6,54,3,9.0,8,183,Karachi Kings SRL
71770528,1,6,41,3,6.833333333333333,1,181,Peshawar Zalmi SRL
71770528,2,6,50,1,8.333333333333334,4,184,Lahore Qalandars SRL
71770530,1,6,44,0,7.333333333333333,5,153,Quetta Gladiators SRL
71770530,2,6,70,0,11.666666666666666,5,156,Hyderabad Kingsmen Srl
71770532,1,6,47,3,7.833333333333333,2,160,Islamabad United SRL
71770532,2,6,55,1,9.166666666666666,5,152,Lahore Qalandars SRL
71770534,1,6,28,4,4.666666666666667,0,148,Hyderabad Kingsmen Srl
71770534,2,6,62,1,10.333333333333334,1,151,Karachi Kings SRL
71770536,1,6,37,2,6.166666666666667,16,196,Multan Sultans SRL
71770536,2,6,57,0,9.5,0,200,Quetta Gladiators SRL
71770538,1,6,71,0,11.833333333333334,0,240,Rawalpindiz Srl
71770538,2,6,55,3,9.166666666666666,4,154,Peshawar Zalmi SRL
71770540,1,6,61,2,10.166666666666666,3,160,Hyderabad Kingsmen Srl
71770540,2,6,32,2,5.333333333333333,11,162,Islamabad United SRL
71770542,1,6,46,0,7.666666666666667,3,163,Chennai Super Kings SRL
71770542,2,6,54,1,9.0,0,168,Sunrisers Hyderabad SRL
71770544,1,6,43,1,7.166666666666667,4,154,Delhi Capitals SRL
71770544,2,6,24,3,4.0,5,153,Royal Challengers Bangalore SRL
71770546,1,6,30,2,5.0,6,177,Gujarat Titans SRL
71770546,2,6,39,1,6.5,5,164,Rajasthan Royals SRL
71770548,1,6,35,1,5.833333333333333,10,169,Punjab Kings SRL
71770548,2,6,43,1,7.166666666666667,3,173,Kolkata Knight Riders SRL
71770550,1,6,28,2,4.666666666666667,8,141,Lucknow Super Giants SRL
71770550,2,6,54,1,9.0,1,144,Mumbai Indians SRL
71770552,1,6,39,2,6.5,8,157,Royal Challengers Bangalore SRL
71770552,2,6,54,0,9.0,1,158,Chennai Super Kings SRL
71770554,1,6,52,3,8.666666666666666,0,162,Delhi Capitals SRL
71770554,2,6,49,0,8.166666666666666,0,164,Rajasthan Royals SRL
71770556,1,6,64,1,10.666666666666666,5,169,Punjab Kings SRL
71770556,2,6,46,1,7.666666666666667,5,128,Gujarat Titans SRL
71770558,1,6,57,0,9.5,1,178,Mumbai Indians SRL
71770558,2,6,49,1,8.166666666666666,1,180,Kolkata Knight Riders SRL
71770560,1,6,47,1,7.833333333333333,11,171,Lucknow Super Giants SRL
71770560,2,6,56,1,9.333333333333334,0,174,Sunrisers Hyderabad SRL
71770562,1,6,40,1,6.666666666666667,0,195,Chennai Super Kings SRL
71770562,2,6,34,3,5.666666666666667,10,140,Rajasthan Royals SRL
71770564,1,6,71,1,11.833333333333334,2,210,Delhi Capitals SRL
71770564,2,6,63,0,10.5,1,206,Punjab Kings SRL
71770566,1,6,54,1,9.0,4,173,Gujarat Titans SRL
71770566,2,6,40,2,6.666666666666667,0,175,Mumbai Indians SRL
71770568,1,6,70,0,11.666666666666666,4,197,Kolkata Knight Riders SRL
71770568,2,6,34,2,5.666666666666667,18,126,Sunrisers Hyderabad SRL
71770570,1,6,48,2,8.0,0,181,Royal Challengers Bangalore SRL
71770570,2,6,47,1,7.833333333333333,3,183,Lucknow Super Giants SRL
71770572,1,6,45,1,7.5,4,185,Chennai Super Kings SRL
71770572,2,6,47,2,7.833333333333333,2,186,Punjab Kings SRL
71770574,1,6,51,1,8.5,0,180,Mumbai Indians SRL
71770574,2,6,44,1,7.333333333333333,3,147,Delhi Capitals SRL
71770576,1,6,58,1,9.666666666666666,0,202,Gujarat Titans SRL
71770576,2,6,56,1,9.333333333333334,13,195,Sunrisers Hyderabad SRL
71770578,1,6,44,0,7.333333333333333,0,177,Kolkata Knight Riders SRL
71770578,2,6,56,2,9.333333333333334,7,129,Royal Challengers Bangalore SRL
71770580,1,6,59,2,9.833333333333334,6,155,Rajasthan Royals SRL
71770580,2,6,50,1,8.333333333333334,0,157,Lucknow Super Giants SRL
71770582,1,6,62,2,10.333333333333334,9,158,Mumbai Indians SRL
71770582,2,6,69,1,11.5,5,159,Chennai Super Kings SRL
71770602,1,6,41,1,6.833333333333333,6,205,Barbados Royals SRL
71770602,2,6,45,3,7.5,6,189,Guyana Amazon Warriors SRL
71770604,1,6,48,1,8.0,0,186,St Kitts And Nevis Patriots SRL
71770604,2,6,53,0,8.833333333333334,3,179,Antigua And Barbuda Falcons SRL
71770606,1,6,51,4,8.5,1,147,Trinbago Knight Riders SRL
71770606,2,6,61,0,10.166666666666666,2,149,St Lucia Kings SRL
71770608,1,6,60,2,10.0,1,202,Barbados Royals SRL
71770608,2,6,23,4,3.8333333333333335,3,165,St Kitts And Nevis Patriots SRL
71770610,1,6,55,2,9.166666666666666,6,190,Trinbago Knight Riders SRL
71770610,2,6,42,2,7.0,2,139,Antigua And Barbuda Falcons SRL
71770612,1,6,62,1,10.333333333333334,1,174,Guyana Amazon Warriors SRL
71770612,2,6,54,0,9.0,1,176,St Lucia Kings SRL
71770614,1,6,43,1,7.166666666666667,11,160,Barbados Royals SRL
71770614,2,6,28,1,4.666666666666667,1,161,Trinbago Knight Riders SRL
71770616,1,6,36,2,6.0,4,156,St Lucia Kings SRL
71770616,2,6,31,2,5.166666666666667,0,160,Antigua And Barbuda Falcons SRL
71770618,1,6,43,2,7.166666666666667,0,135,St Kitts And Nevis Patriots SRL
71770618,2,6,53,1,8.833333333333334,8,138,Guyana Amazon Warriors SRL
71770620,1,6,48,1,8.0,7,170,Antigua And Barbuda Falcons SRL
71770620,2,6,34,4,5.666666666666667,19,141,Barbados Royals SRL
71770622,1,6,39,1,6.5,1,161,St Lucia Kings SRL
71770622,2,6,58,1,9.666666666666666,4,152,St Kitts And Nevis Patriots SRL
71770626,1,6,37,2,6.166666666666667,3,174,St Lucia Kings SRL
71770626,2,6,41,0,6.833333333333333,2,175,Barbados Royals SRL
71770628,1,6,47,0,7.833333333333333,9,154,Antigua And Barbuda Falcons SRL
71770628,2,6,21,3,3.5,6,108,Guyana Amazon Warriors SRL
71770630,1,6,49,2,8.166666666666666,6,170,Trinbago Knight Riders SRL
71770630,2,6,60,0,10.0,0,171,St Kitts And Nevis Patriots SRL
71770632,1,6,72,1,12.0,5,248,Guyana Amazon Warriors SRL
71770632,2,6,30,2,5.0,10,158,Barbados Royals SRL
71770634,1,6,36,2,6.0,5,127,St Kitts And Nevis Patriots SRL
71770634,2,6,52,3,8.666666666666666,0,128,Antigua And Barbuda Falcons SRL
71770636,1,6,33,2,5.5,7,150,St Lucia Kings SRL
71770636,2,6,50,1,8.333333333333334,5,153,Trinbago Knight Riders SRL
71770638,1,6,29,3,4.833333333333333,26,156,Barbados Royals SRL
71770638,2,6,62,1,10.333333333333334,0,159,St Kitts And Nevis Patriots SRL
71770640,1,6,37,2,6.166666666666667,0,111,Antigua And Barbuda Falcons SRL
71770640,2,6,25,1,4.166666666666667,30,114,Trinbago Knight Riders SRL
71770642,1,6,41,2,6.833333333333333,0,156,Guyana Amazon Warriors SRL
71770642,2,6,30,4,5.0,4,107,St Lucia Kings SRL
71932590,1,6,52,0,8.666666666666666,0,225,Pakistan SRL
71932590,2,6,65,2,10.833333333333334,5,195,West Indies SRL
71932592,1,6,70,1,11.666666666666666,11,209,Afghanistan SRL
71932592,2,6,40,2,6.666666666666667,3,170,New Zealand SRL
71932594,1,6,33,2,5.5,6,154,South Africa SRL
71932594,2,6,48,2,8.0,1,156,Pakistan SRL
71932596,1,6,55,1,9.166666666666666,4,179,England SRL
71932596,2,6,54,2,9.0,12,180,India SRL
71932600,1,6,65,0,10.833333333333334,1,181,Otago SRL
71932600,2,6,43,2,7.166666666666667,5,147,Northern Districts SRL
71932602,1,6,39,2,6.5,8,157,Northern Districts SRL
71932602,2,6,30,4,5.0,5,143,Central Districts SRL
71932604,1,6,52,1,8.666666666666666,7,208,Auckland SRL
71932604,2,6,52,4,8.666666666666666,16,138,Northern Districts SRL
71932606,1,6,48,0,8.0,4,182,Wellington SRL
71932606,2,6,49,1,8.166666666666666,3,144,Central Districts SRL
71932608,1,6,55,2,9.166666666666666,5,165,Auckland SRL
71932608,2,6,64,0,10.666666666666666,0,166,Wellington SRL
71932610,1,6,51,3,8.5,6,185,Punjab Kings SRL
71932610,2,6,45,0,7.5,3,186,Chennai Super Kings SRL
71932612,1,6,71,1,11.833333333333334,2,215,Royal Challengers Bangalore SRL
71932612,2,6,62,0,10.333333333333334,6,216,Delhi Capitals SRL
71932614,1,6,64,1,10.666666666666666,0,200,Gujarat Titans SRL
71932614,2,6,51,0,8.5,5,181,Rajasthan Royals SRL
71932616,1,6,35,2,5.833333333333333,1,176,Punjab Kings SRL
71932616,2,6,17,3,2.8333333333333335,36,99,Kolkata Knight Riders SRL
71932618,1,6,54,0,9.0,0,204,Lucknow Super Giants SRL
71932618,2,6,41,0,6.833333333333333,9,181,Mumbai Indians SRL
71932634,1,6,38,3,6.333333333333333,0,187,Guyana Amazon Warriors SRL
71932634,2,6,38,4,6.333333333333333,0,143,Barbados Royals SRL
71932636,1,6,39,0,6.5,7,162,St Kitts And Nevis Patriots SRL
71932636,2,6,48,1,8.0,3,165,Antigua And Barbuda Falcons SRL
71932638,1,6,39,1,6.5,7,178,Trinbago Knight Riders SRL
71932638,2,6,65,2,10.833333333333334,2,180,St Lucia Kings SRL
71932640,1,6,42,2,7.0,9,121,St Kitts And Nevis Patriots SRL
71932640,2,6,54,0,9.0,5,122,Barbados Royals SRL
71932642,1,6,50,0,8.333333333333334,1,161,Trinbago Knight Riders SRL
71932642,2,6,46,1,7.666666666666667,0,140,Antigua And Barbuda Falcons SRL
71932644,1,6,66,2,11.0,11,205,St Lucia Kings SRL
71932644,2,6,44,2,7.333333333333333,3,169,Guyana Amazon Warriors SRL
71932646,1,6,50,1,8.333333333333334,9,188,Trinbago Knight Riders SRL
71932646,2,6,45,2,7.5,3,169,Barbados Royals SRL
71932648,1,6,20,3,3.3333333333333335,3,134,St Lucia Kings SRL
71932648,2,6,31,2,5.166666666666667,1,136,Antigua And Barbuda Falcons SRL
71932650,1,6,61,1,10.166666666666666,5,185,St Kitts And Nevis Patriots SRL
71932650,2,6,57,0,9.5,9,171,Guyana Amazon Warriors SRL
71932652,1,6,65,1,10.833333333333334,7,180,Antigua And Barbuda Falcons SRL
71932652,2,6,48,0,8.0,1,133,Barbados Royals SRL
71932654,1,6,49,3,8.166666666666666,9,142,St Lucia Kings SRL
71932654,2,6,46,1,7.666666666666667,4,144,St Kitts And Nevis Patriots SRL
71932656,1,6,33,2,5.5,19,154,Guyana Amazon Warriors SRL
71932656,2,6,33,2,5.5,6,158,Trinbago Knight Riders SRL
71932658,1,6,37,2,6.166666666666667,6,135,St Lucia Kings Srl
71932658,2,6,40,2,6.666666666666667,0,137,Barbados Royals Srl
71932662,1,6,63,0,10.5,4,219,Barbados Royals Srl
71932662,2,6,67,1,11.166666666666666,0,215,Guyana Amazon Warriors Srl
71932696,1,6,51,0,8.5,3,214,Sunrisers Hyderabad SRL
71932696,2,6,67,1,11.166666666666666,10,216,Chennai Super Kings SRL
71932698,1,6,29,2,4.833333333333333,5,194,Delhi Capitals SRL
71932698,2,6,66,0,11.0,4,195,Royal Challengers Bangalore SRL
71932700,1,6,41,3,6.833333333333333,2,160,Gujarat Titans SRL
71932700,2,6,39,2,6.5,6,157,Rajasthan Royals SRL
71932702,1,6,34,2,5.666666666666667,7,155,Punjab Kings SRL
71932702,2,6,51,2,8.5,0,156,Kolkata Knight Riders SRL
71932704,1,6,45,0,7.5,7,197,Lucknow Super Giants SRL
71932704,2,6,43,0,7.166666666666667,1,175,Mumbai Indians SRL
71932706,1,6,52,1,8.666666666666666,4,162,Chennai Super Kings SRL
71932706,2,6,74,0,12.333333333333334,1,164,Royal Challengers Bangalore SRL
71932708,1,6,37,1,6.166666666666667,9,192,Rajasthan Royals SRL
71932708,2,6,51,3,8.5,2,179,Delhi Capitals SRL
71932710,1,6,58,3,9.666666666666666,4,176,Punjab Kings SRL
71932710,2,6,47,1,7.833333333333333,6,152,Gujarat Titans SRL
71932712,1,6,47,1,7.833333333333333,3,180,Mumbai Indians SRL
71932712,2,6,52,1,8.666666666666666,5,177,Kolkata Knight Riders SRL
71932714,1,6,49,2,8.166666666666666,1,141,Sunrisers Hyderabad SRL
71932714,2,6,48,0,8.0,0,142,Lucknow Super Giants SRL
71932716,1,6,43,2,7.166666666666667,4,172,Rajasthan Royals SRL
71932716,2,6,35,0,5.833333333333333,6,138,Chennai Super Kings SRL
71932718,1,6,53,1,8.833333333333334,0,199,Punjab Kings SRL
71932718,2,6,37,0,6.166666666666667,3,199,Delhi Capitals SRL
71932720,1,6,52,1,8.666666666666666,2,193,Mumbai Indians Srl
71932720,2,6,50,1,8.333333333333334,3,182,Gujarat Titans Srl
71932722,1,6,61,2,10.166666666666666,7,144,Kolkata Knight Riders SRL
71932722,2,6,53,2,8.833333333333334,7,145,Sunrisers Hyderabad SRL
71932724,1,6,35,3,5.833333333333333,9,150,Royal Challengers Bangalore SRL
71932724,2,6,51,2,8.5,0,153,Lucknow Super Giants SRL
71932756,1,6,89,0,14.833333333333334,2,241,Islamabad United SRL
71932756,2,6,38,3,6.333333333333333,2,143,Multan Sultans SRL
71932758,1,6,58,0,9.666666666666666,0,161,Peshawar Zalmi SRL
71932758,2,6,69,1,11.5,7,164,Karachi Kings SRL
71932760,1,6,55,0,9.166666666666666,4,205,Quetta Gladiators SRL
71932760,2,6,45,2,7.5,0,152,Lahore Qalandars SRL
71932762,1,6,53,3,8.833333333333334,8,190,Hyderabad Kingsmen Srl
71932762,2,6,69,1,11.5,1,192,Rawalpindiz Srl
71932764,1,6,32,2,5.333333333333333,3,168,Islamabad United SRL
71932764,2,6,40,2,6.666666666666667,6,123,Peshawar Zalmi SRL
71932766,1,6,52,2,8.666666666666666,10,181,Karachi Kings SRL
71932766,2,6,51,1,8.5,2,175,Quetta Gladiators SRL
71932768,1,6,48,1,8.0,11,179,Rawalpindiz Srl
71932768,2,6,48,1,8.0,4,154,Lahore Qalandars SRL
71932770,1,6,37,2,6.166666666666667,8,133,Multan Sultans SRL
71932772,1,6,33,0,5.5,12,108,Islamabad United SRL
71932772,2,6,47,1,7.833333333333333,1,109,Quetta Gladiators SRL
71932774,1,6,38,2,6.333333333333333,1,139,Karachi Kings SRL
71932774,2,6,38,0,6.333333333333333,6,140,Rawalpindiz Srl
71932776,1,6,47,1,7.833333333333333,2,168,Multan Sultans SRL
71932776,2,6,43,1,7.166666666666667,7,143,Lahore Qalandars SRL
71932778,1,6,42,3,7.0,6,140,Hyderabad Kingsmen Srl
71932778,2,6,52,2,8.666666666666666,5,146,Peshawar Zalmi SRL
71932780,1,6,25,3,4.166666666666667,6,142,Islamabad United Srl
71932780,2,6,50,1,8.333333333333334,2,143,Rawalpindiz Srl
71932782,1,6,54,2,9.0,8,192,Multan Sultans SRL
71932782,2,6,61,1,10.166666666666666,1,178,Karachi Kings SRL
71932784,1,6,34,2,5.666666666666667,0,150,Lahore Qalandars SRL
71932784,2,6,61,1,10.166666666666666,2,154,Peshawar Zalmi SRL
71932798,1,6,52,2,8.666666666666666,1,170,Joburg Super Kings SRL
71932798,2,6,65,0,10.833333333333334,5,171,Durban Super Giants SRL
71932800,1,6,56,2,9.333333333333334,0,170,Paarl Royals SRL
71932800,2,6,43,0,7.166666666666667,4,157,Mi Cape Town SRL
71932802,1,6,56,1,9.333333333333334,1,202,Pretoria Capitals SRL
71932802,2,6,33,4,5.5,7,123,Sunrisers Eastern Cape SRL
71932804,1,6,45,1,7.5,4,151,Paarl Royals SRL
71932804,2,6,54,0,9.0,6,156,Durban Super Giants SRL
71932806,1,6,33,2,5.5,7,150,Mi Cape Town SRL
71932806,2,6,47,1,7.833333333333333,7,144,Sunrisers Eastern Cape SRL
71932808,1,6,46,3,7.666666666666667,8,171,Joburg Super Kings SRL
71932808,2,6,57,1,9.5,0,172,Pretoria Capitals SRL
71932810,1,6,38,1,6.333333333333333,1,151,Durban Super Giants SRL
71932810,2,6,40,4,6.666666666666667,10,117,Sunrisers Eastern Cape SRL
71932812,1,6,51,1,8.5,6,215,Mi Cape Town SRL
71932812,2,6,53,1,8.833333333333334,0,176,Pretoria Capitals SRL
71932814,1,6,42,1,7.0,3,186,Joburg Super Kings SRL
71932814,2,6,46,1,7.666666666666667,5,182,Paarl Royals SRL
71932816,1,6,57,2,9.5,5,187,Durban Super Giants SRL
71932816,2,6,56,1,9.333333333333334,0,188,Mi Cape Town SRL
71932818,1,6,53,1,8.833333333333334,0,172,Paarl Royals SRL
71932818,2,6,44,0,7.333333333333333,2,170,Pretoria Capitals SRL
71932820,1,6,26,3,4.333333333333333,10,141,Joburg Super Kings SRL
71932820,2,6,46,1,7.666666666666667,1,147,Sunrisers Eastern Cape SRL
71932822,1,6,32,4,5.333333333333333,3,169,Durban Super Giants Srl
71932822,2,6,45,1,7.5,1,171,Pretoria Capitals Srl
71932824,1,6,49,1,8.166666666666666,0,197,Joburg Super Kings SRL
71932824,2,6,36,3,6.0,2,121,Mi Cape Town SRL
71932826,1,6,79,2,13.166666666666666,2,192,Paarl Royals Srl
71932826,2,6,69,2,11.5,2,160,Sunrisers Eastern Cape Srl
71932842,1,6,70,2,11.666666666666666,4,202,Canterbury SRL
71932842,2,6,59,0,9.833333333333334,7,203,Auckland SRL
71932844,1,6,54,1,9.0,0,194,Central Districts SRL
71932844,2,6,53,0,8.833333333333334,0,180,Northern Districts SRL
71932846,1,6,38,2,6.333333333333333,12,162,Northern Districts SRL
71932846,2,6,45,3,7.5,0,167,Auckland SRL
71932848,1,6,55,2,9.166666666666666,2,160,Central Districts SRL
71932848,2,6,69,1,11.5,0,164,Wellington SRL
71932850,1,6,42,3,7.0,8,152,Wellington SRL
71932850,2,6,38,2,6.333333333333333,0,148,Auckland SRL
71932852,1,6,59,2,9.833333333333334,0,190,Central Districts SRL
71932852,2,6,47,0,7.833333333333333,0,191,Auckland SRL
71932854,1,6,55,0,9.166666666666666,3,193,Northern Districts SRL
71932854,2,6,57,2,9.5,0,166,Canterbury SRL
71932856,1,6,47,0,7.833333333333333,0,196,Wellington SRL
71932856,2,6,52,3,8.666666666666666,10,184,Canterbury SRL
71932858,1,6,40,1,6.666666666666667,11,112,Northern Districts Srl
71932858,2,6,50,2,8.333333333333334,1,116,Otago Srl
71932860,1,6,73,0,12.166666666666666,5,214,Canterbury Srl
71932860,2,6,51,0,8.5,3,180,Wellington Srl
71932862,1,6,63,0,10.5,1,176,Central Districts Srl
71932862,2,6,54,2,9.0,2,178,Northern Districts Srl
71932870,1,6,45,2,7.5,5,177,England SRL
71932870,2,6,58,1,9.666666666666666,1,160,Australia SRL
71932872,1,6,42,1,7.0,0,172,Afghanistan SRL
71932872,2,6,44,2,7.333333333333333,0,165,New Zealand SRL
71932874,1,6,49,1,8.166666666666666,6,198,South Africa SRL
71932874,2,6,39,2,6.5,4,132,Pakistan SRL
71932876,1,6,50,1,8.333333333333334,3,214,India SRL
71932876,2,6,52,1,8.666666666666666,1,171,England SRL
71932878,1,6,48,3,8.0,5,170,West Indies SRL
71932878,2,6,48,1,8.0,3,171,New Zealand SRL
71932880,1,6,53,1,8.833333333333334,0,172,Pakistan SRL
71932880,2,6,40,2,6.666666666666667,5,139,Sri Lanka SRL
71932882,1,6,56,1,9.333333333333334,1,163,South Africa SRL
71932882,2,6,60,1,10.0,0,164,Australia SRL
71932884,1,6,47,2,7.833333333333333,5,166,Afghanistan SRL
71932884,2,6,33,1,5.5,0,113,Bangladesh SRL
71932886,1,6,58,1,9.666666666666666,1,159,New Zealand SRL
71932886,2,6,23,4,3.8333333333333335,3,136,Sri Lanka SRL
71932888,1,6,40,2,6.666666666666667,0,196,Australia SRL
71932888,2,6,66,1,11.0,0,197,West Indies SRL
71932890,1,6,36,1,6.0,4,178,India SRL
71932890,2,6,66,0,11.0,0,172,South Africa SRL
71932892,1,6,35,2,5.833333333333333,2,160,England SRL
71932892,2,6,74,1,12.333333333333334,0,161,New Zealand SRL
71932894,1,6,34,1,5.666666666666667,12,203,West Indies Srl
71932894,2,6,41,3,6.833333333333333,15,192,Pakistan Srl
71932896,1,6,40,1,6.666666666666667,13,147,Australia Srl
71932896,2,6,46,0,7.666666666666667,1,148,India Srl
72019844,1,6,51,1,8.5,3,178,Sri Lanka SRL
72019844,2,6,58,0,9.666666666666666,4,153,Afghanistan SRL
72034740,1,6,73,0,12.166666666666666,0,209,Guyana Amazon Warriors SRL
72034740,2,6,32,2,5.333333333333333,9,98,Antigua And Barbuda Falcons SRL
73281436,1,6,43,3,7.166666666666667,3,138,South Africa SRL
73281436,2,6,40,1,6.666666666666667,0,139,New Zealand SRL
73281438,1,6,50,0,8.333333333333334,0,182,India SRL
73281438,2,6,43,4,7.166666666666667,4,144,England SRL
73281440,1,6,45,1,7.5,1,178,Pakistan SRL
73281440,2,6,50,1,8.333333333333334,0,154,Australia SRL
73281442,1,6,63,2,10.5,0,148,Sri Lanka SRL
73281442,2,6,41,2,6.833333333333333,7,150,West Indies SRL
73281444,1,6,56,2,9.333333333333334,0,181,South Africa SRL
73281444,2,6,69,1,11.5,0,182,India SRL
73281446,1,6,29,3,4.833333333333333,31,170,England SRL
73281446,2,6,46,2,7.666666666666667,11,172,Pakistan SRL
73281448,1,6,50,3,8.333333333333334,3,165,West Indies SRL
73281448,2,6,63,0,10.5,0,167,Afghanistan SRL
73281450,1,6,63,2,10.5,2,205,Australia SRL
73281450,2,6,53,1,8.833333333333334,0,170,New Zealand SRL
73281452,1,6,30,2,5.0,5,157,England SRL
73281452,2,6,55,0,9.166666666666666,1,158,South Africa SRL
73281454,1,6,35,2,5.833333333333333,9,145,Afghanistan SRL
73281454,2,6,23,4,3.8333333333333335,12,62,Pakistan SRL
73281456,1,6,61,0,10.166666666666666,2,194,Australia SRL
73281456,2,6,34,3,5.666666666666667,10,151,India SRL
73281458,1,6,46,0,7.666666666666667,5,149,England SRL
73281458,2,6,61,0,10.166666666666666,9,154,Australia SRL
73281460,1,6,64,0,10.666666666666666,1,194,New Zealand SRL
73281460,2,6,52,1,8.666666666666666,1,166,Afghanistan SRL
73281462,1,6,33,0,5.5,1,162,Pakistan SRL
73281462,2,6,40,2,6.666666666666667,20,166,South Africa SRL
73281464,1,6,68,1,11.333333333333334,2,207,India SRL
73281464,2,6,32,2,5.333333333333333,5,123,England SRL
73281466,1,6,53,1,8.833333333333334,1,177,New Zealand SRL
73281466,2,6,48,3,8.0,2,149,West Indies SRL
73281468,1,6,27,1,4.5,0,157,Sri Lanka SRL
73281468,2,6,45,0,7.5,3,152,Pakistan SRL
73281470,1,6,58,2,9.666666666666666,1,172,South Africa SRL
73281470,2,6,34,2,5.666666666666667,1,163,Australia SRL
73281472,1,6,43,2,7.166666666666667,6,162,Afghanistan SRL
73281472,2,6,44,1,7.333333333333333,2,137,Bangladesh SRL
73281474,1,6,32,3,5.333333333333333,0,145,New Zealand SRL
73281474,2,6,34,2,5.666666666666667,7,144,Sri Lanka SRL
73281476,1,6,72,0,12.0,1,200,Australia SRL
73281476,2,6,36,2,6.0,5,146,West Indies SRL
73281478,1,6,72,2,12.0,0,192,India SRL
73281478,2,6,36,4,6.0,3,122,South Africa SRL
73281480,1,6,61,2,10.166666666666666,1,155,New Zealand SRL
73281480,2,6,48,2,8.0,9,157,England SRL
73281482,1,6,52,1,8.666666666666666,4,203,Pakistan SRL
73281482,2,6,81,0,13.5,2,204,West Indies SRL
73281484,1,6,30,3,5.0,4,159,Australia SRL
73281484,2,6,57,1,9.5,0,160,India SRL
73281486,1,6,46,3,7.666666666666667,3,156,Sri Lanka SRL
73281486,2,6,54,2,9.0,1,162,Afghanistan SRL
73281488,1,6,67,1,11.166666666666666,4,214,South Africa SRL
73281488,2,6,63,1,10.5,1,194,New Zealand SRL
73281490,1,6,44,2,7.333333333333333,3,159,England SRL
73281490,2,6,55,0,9.166666666666666,2,163,India SRL
73281492,1,6,52,0,8.666666666666666,3,187,Pakistan SRL
73281492,2,6,39,3,6.5,2,154,Australia SRL
73281806,1,6,58,0,9.666666666666666,0,170,Central Districts SRL
73281806,2,6,50,1,8.333333333333334,0,162,Auckland SRL
73281808,1,6,54,1,9.0,0,164,Northern Districts SRL
73281808,2,6,55,1,9.166666666666666,8,165,Otago SRL
73281810,1,6,61,1,10.166666666666666,2,165,Otago SRL
73281810,2,6,55,1,9.166666666666666,2,167,Auckland SRL
73281812,1,6,41,2,6.833333333333333,5,134,Canterbury SRL
73281812,2,6,54,1,9.0,2,136,Central Districts SRL
73281814,1,6,32,1,5.333333333333333,21,132,Canterbury SRL
73281814,2,6,46,0,7.666666666666667,0,135,Auckland SRL
73281816,1,6,45,1,7.5,6,171,Northern Districts SRL
73281816,2,6,42,0,7.0,12,137,Central Districts SRL
73281818,1,6,38,3,6.333333333333333,11,147,Auckland SRL
73281818,2,6,36,2,6.0,0,147,Northern Districts SRL
73281820,1,6,47,2,7.833333333333333,1,144,Central Districts SRL
73281820,2,6,55,0,9.166666666666666,6,147,Wellington SRL
73281822,1,6,73,0,12.166666666666666,1,191,Wellington SRL
73281822,2,6,42,2,7.0,2,195,Auckland SRL
73281824,1,6,52,0,8.666666666666666,5,175,Central Districts SRL
73281824,2,6,48,2,8.0,4,162,Auckland SRL
73281826,1,6,36,3,6.0,4,146,Northern Districts SRL
73281826,2,6,70,2,11.666666666666666,6,147,Canterbury SRL
73281828,1,6,54,2,9.0,1,172,Wellington SRL
73281828,2,6,37,2,6.166666666666667,4,173,Canterbury SRL
73281830,1,6,47,3,7.833333333333333,3,197,Otago SRL
73281830,2,6,35,0,5.833333333333333,18,134,Northern Districts SRL
73281832,1,6,32,2,5.333333333333333,28,141,Otago SRL
73281832,2,6,57,3,9.5,1,144,Central Districts SRL
73281834,1,6,45,2,7.5,6,156,Central Districts SRL
73281834,2,6,52,2,8.666666666666666,0,157,Northern Districts SRL
73281836,1,6,43,2,7.166666666666667,5,181,Otago SRL
73281836,2,6,50,2,8.333333333333334,4,117,Wellington SRL
73281838,1,6,70,0,11.666666666666666,1,203,Auckland SRL
73281838,2,6,33,2,5.5,5,136,Northern Districts SRL
73284064,1,6,41,2,6.833333333333333,9,145,Sunrisers Eastern Cape SRL
73284064,2,6,42,1,7.0,1,146,Mi Cape Town SRL
73284066,1,6,45,3,7.5,6,160,Joburg Super Kings SRL
73284066,2,6,38,3,6.333333333333333,17,111,Pretoria Capitals SRL
73284068,1,6,51,2,8.5,3,181,Durban Super Giants SRL
73284068,2,6,43,3,7.166666666666667,0,128,Sunrisers Eastern Cape SRL
73284070,1,6,56,2,9.333333333333334,4,171,Mi Cape Town SRL
73284070,2,6,43,2,7.166666666666667,9,150,Pretoria Capitals SRL
73284072,1,6,37,2,6.166666666666667,2,151,Paarl Royals SRL
73284072,2,6,44,3,7.333333333333333,4,125,Joburg Super Kings SRL
73284074,1,6,65,0,10.833333333333334,2,177,Mi Cape Town SRL
73284074,2,6,31,1,5.166666666666667,4,179,Durban Super Giants SRL
73284076,1,6,44,1,7.333333333333333,0,153,Paarl Royals SRL
73284076,2,6,36,1,6.0,4,158,Pretoria Capitals SRL
73284078,1,6,62,0,10.333333333333334,5,183,Joburg Super Kings SRL
73284078,2,6,60,2,10.0,0,184,Sunrisers Eastern Cape SRL
73284080,1,6,33,3,5.5,2,126,Durban Super Giants SRL
73284080,2,6,44,2,7.333333333333333,4,130,Pretoria Capitals SRL
73284082,1,6,53,2,8.833333333333334,0,184,Mi Cape Town SRL
73284082,2,6,64,0,10.666666666666666,2,186,Joburg Super Kings SRL
73284084,1,6,36,1,6.0,10,187,Paarl Royals SRL
73284084,2,6,79,1,13.166666666666666,7,188,Sunrisers Eastern Cape SRL
73284086,1,6,71,0,11.833333333333334,2,203,Joburg Super Kings SRL
73284086,2,6,31,3,5.166666666666667,14,152,Durban Super Giants SRL
73284088,1,6,63,1,10.5,2,181,Mi Cape Town SRL
73284088,2,6,48,2,8.0,0,147,Paarl Royals SRL
73284090,1,6,32,2,5.333333333333333,4,151,Sunrisers Eastern Cape SRL
73284090,2,6,54,2,9.0,0,155,Pretoria Capitals SRL
73284092,1,6,47,1,7.833333333333333,0,202,Durban Super Giants SRL
73284092,2,6,58,3,9.666666666666666,5,147,Paarl Royals SRL
73284094,1,6,38,1,6.333333333333333,10,168,Sunrisers Eastern Cape SRL
73284094,2,6,53,1,8.833333333333334,8,172,Mi Cape Town SRL
73284096,1,6,61,1,10.166666666666666,1,184,Joburg Super Kings SRL
73284096,2,6,69,0,11.5,0,186,Pretoria Capitals SRL
73284098,1,6,31,3,5.166666666666667,10,153,Durban Super Giants SRL
73284098,2,6,74,1,12.333333333333334,0,154,Sunrisers Eastern Cape SRL
73284100,1,6,47,1,7.833333333333333,2,154,Mi Cape Town SRL
73284100,2,6,41,2,6.833333333333333,7,158,Pretoria Capitals SRL
73284102,1,6,44,1,7.333333333333333,14,154,Joburg Super Kings SRL
73284102,2,6,21,2,3.5,38,155,Paarl Royals SRL
73284104,1,6,39,1,6.5,5,192,Durban Super Giants SRL
73284104,2,6,47,2,7.833333333333333,2,193,Mi Cape Town SRL
73284106,1,6,32,1,5.333333333333333,2,145,Paarl Royals SRL
73284106,2,6,59,1,9.833333333333334,0,146,Pretoria Capitals SRL
73284108,1,6,63,1,10.5,0,188,Joburg Super Kings SRL
73284108,2,6,55,0,9.166666666666666,3,186,Sunrisers Eastern Cape SRL
73284468,1,6,67,0,11.166666666666666,5,221,Multan Sultans SRL
73284468,2,6,61,0,10.166666666666666,2,202,Lahore Qalandars SRL
73284470,1,6,47,2,7.833333333333333,0,174,Hyderabad Kingsmen SRL
73284470,2,6,43,2,7.166666666666667,5,107,Peshawar Zalmi SRL
73284472,1,6,50,1,8.333333333333334,5,165,Rawalpindiz SRL
73284472,2,6,59,1,9.833333333333334,0,166,Islamabad United SRL
73284474,1,6,53,0,8.833333333333334,6,185,Multan Sultans SRL
73284474,2,6,48,1,8.0,6,84,Karachi Kings SRL
73284476,1,6,51,1,8.5,0,171,Peshawar Zalmi SRL
73284476,2,6,40,1,6.666666666666667,3,171,Lahore Qalandars SRL
73284478,1,6,36,2,6.0,1,144,Quetta Gladiators SRL
73284478,2,6,33,5,5.5,11,119,Hyderabad Kingsmen SRL
73284480,1,6,39,2,6.5,4,173,Lahore Qalandars SRL
73284480,2,6,49,2,8.166666666666666,0,171,Islamabad United SRL
73284482,1,6,49,0,8.166666666666666,3,196,Hyderabad Kingsmen SRL
73284482,2,6,43,2,7.166666666666667,3,131,Karachi Kings SRL
73284484,1,6,36,1,6.0,6,185,Multan Sultans SRL
73284484,2,6,51,1,8.5,7,186,Quetta Gladiators SRL
73284486,1,6,70,1,11.666666666666666,5,226,Peshawar Zalmi SRL
73284486,2,6,34,2,5.666666666666667,6,95,Rawalpindiz SRL
73284488,1,6,44,1,7.333333333333333,3,139,Islamabad United SRL
73284488,2,6,44,2,7.333333333333333,0,141,Hyderabad Kingsmen SRL
73284490,1,6,31,4,5.166666666666667,0,148,Lahore Qalandars SRL
73284490,2,6,42,2,7.0,2,151,Karachi Kings SRL
73284492,1,6,58,0,9.666666666666666,0,201,Multan Sultans SRL
73284492,2,6,68,1,11.333333333333334,3,202,Rawalpindiz SRL
73284494,1,6,47,0,7.833333333333333,11,182,Peshawar Zalmi SRL
73284494,2,6,38,2,6.333333333333333,5,182,Quetta Gladiators SRL
73284496,1,6,67,2,11.166666666666666,0,203,Islamabad United SRL
73284496,2,6,53,3,8.833333333333334,8,140,Karachi Kings SRL
73284498,1,6,47,1,7.833333333333333,9,201,Rawalpindiz SRL
73284498,2,6,63,0,10.5,0,182,Quetta Gladiators SRL
73284500,1,6,57,0,9.5,0,223,Peshawar Zalmi SRL
73284500,2,6,37,2,6.166666666666667,10,138,Multan Sultans SRL
73284502,1,6,24,2,4.0,9,120,Lahore Qalandars SRL
73284502,2,6,45,1,7.5,10,121,Hyderabad Kingsmen SRL
73284504,1,6,43,2,7.166666666666667,3,165,Islamabad United SRL
73284504,2,6,39,2,6.5,2,168,Multan Sultans SRL
73284506,1,6,73,2,12.166666666666666,1,171,Peshawar Zalmi SRL
73284506,2,6,53,2,8.833333333333334,9,162,Karachi Kings SRL
73284508,1,6,32,2,5.333333333333333,3,173,Quetta Gladiators SRL
73284508,2,6,54,0,9.0,3,175,Lahore Qalandars SRL
73284510,1,6,57,0,9.5,9,196,Hyderabad Kingsmen SRL
73284510,2,6,49,1,8.166666666666666,4,149,Rawalpindiz SRL
73284512,1,6,60,1,10.0,2,184,Peshawar Zalmi SRL
73284512,2,6,45,2,7.5,0,189,Islamabad United SRL
73284938,1,6,53,1,8.833333333333334,7,212,Delhi Capitals SRL
73284938,2,6,45,2,7.5,0,175,Mumbai Indians SRL
73284940,1,6,44,2,7.333333333333333,9,148,Sunrisers Hyderabad SRL
73284940,2,6,66,1,11.0,3,149,Gujarat Titans SRL
73284942,1,6,34,3,5.666666666666667,5,135,Kolkata Knight Riders SRL
73284942,2,6,44,1,7.333333333333333,2,136,Royal Challengers Bangalore SRL
73284944,1,6,56,0,9.333333333333334,2,211,Lucknow Super Giants SRL
73284944,2,6,60,1,10.0,0,150,Rajasthan Royals SRL
73284946,1,6,48,2,8.0,3,157,Mumbai Indians SRL
73284946,2,6,62,3,10.333333333333334,1,162,Chennai Super Kings SRL
73284948,1,6,38,2,6.333333333333333,0,158,Sunrisers Hyderabad SRL
73284948,2,6,41,2,6.833333333333333,5,162,Delhi Capitals SRL
73284950,1,6,65,0,10.833333333333334,2,191,Royal Challengers Bangalore SRL
73284950,2,6,53,0,8.833333333333334,4,193,Gujarat Titans SRL
73284952,1,6,42,3,7.0,10,170,Kolkata Knight Riders SRL
73284952,2,6,46,1,7.666666666666667,5,173,Rajasthan Royals SRL
73284954,1,6,51,1,8.5,0,174,Lucknow Super Giants SRL
73284954,2,6,56,0,9.333333333333334,1,176,Punjab Kings SRL
73284956,1,6,42,1,7.0,16,179,Chennai Super Kings SRL
73284956,2,6,59,0,9.833333333333334,4,181,Delhi Capitals SRL
73284958,1,6,38,2,6.333333333333333,8,160,Gujarat Titans SRL
73284958,2,6,35,2,5.833333333333333,8,151,Kolkata Knight Riders SRL
73284960,1,6,49,2,8.166666666666666,0,210,Mumbai Indians SRL
73284960,2,6,49,3,8.166666666666666,1,185,Punjab Kings SRL
73284962,1,6,47,1,7.833333333333333,0,218,Chennai Super Kings SRL
73284962,2,6,41,2,6.833333333333333,4,210,Sunrisers Hyderabad SRL
73284964,1,6,59,0,9.833333333333334,1,183,Royal Challengers Bangalore SRL
73284964,2,6,51,0,8.5,5,184,Delhi Capitals SRL
73284966,1,6,47,2,7.833333333333333,4,165,Gujarat Titans SRL
73284966,2,6,69,0,11.5,1,166,Rajasthan Royals SRL
73284968,1,6,61,1,10.166666666666666,4,197,Punjab Kings SRL
73284968,2,6,64,1,10.666666666666666,4,188,Kolkata Knight Riders SRL
73284970,1,6,44,0,7.333333333333333,1,181,Mumbai Indians SRL
73284970,2,6,52,1,8.666666666666666,0,182,Lucknow Super Giants SRL
73284972,1,6,44,1,7.333333333333333,4,199,Chennai Super Kings SRL
73284972,2,6,54,2,9.0,0,192,Royal Challengers Bangalore SRL
73284974,1,6,51,1,8.5,2,177,Delhi Capitals SRL
73284974,2,6,35,3,5.833333333333333,6,164,Rajasthan Royals SRL
73284976,1,6,81,0,13.5,0,232,Gujarat Titans SRL
73284976,2,6,64,0,10.666666666666666,0,206,Punjab Kings SRL
73284978,1,6,43,1,7.166666666666667,6,197,Kolkata Knight Riders SRL
73284978,2,6,67,1,11.166666666666666,2,172,Mumbai Indians SRL
73284980,1,6,33,2,5.5,8,180,Sunrisers Hyderabad SRL
73284980,2,6,70,1,11.666666666666666,2,181,Lucknow Super Giants SRL
73284982,1,6,55,1,9.166666666666666,0,189,Rajasthan Royals SRL
73284982,2,6,60,1,10.0,4,163,Chennai Super Kings SRL
73284984,1,6,67,0,11.166666666666666,0,187,Delhi Capitals SRL
73284984,2,6,43,2,7.166666666666667,4,154,Punjab Kings SRL
73285232,1,6,38,1,6.333333333333333,17,149,Hobart Hurricanes SRL
73285232,2,6,64,0,10.666666666666666,2,150,Adelaide Strikers SRL
73285234,1,6,51,2,8.5,8,162,Melbourne Renegades SRL
73285234,2,6,46,0,7.666666666666667,5,163,Brisbane Heat SRL
73285236,1,6,64,0,10.666666666666666,1,243,Melbourne Stars SRL
73285236,2,6,42,0,7.0,6,178,Sydney Sixers SRL
73285238,1,6,45,1,7.5,3,166,Sydney Thunder SRL
73285238,2,6,41,2,6.833333333333333,0,154,Perth Scorchers SRL
73285240,1,6,41,2,6.833333333333333,1,141,Melbourne Renegades SRL
73285240,2,6,41,3,6.833333333333333,6,142,Adelaide Strikers SRL
73285242,1,6,47,0,7.833333333333333,0,199,Brisbane Heat SRL
73285242,2,6,55,1,9.166666666666666,0,173,Hobart Hurricanes SRL
73285244,1,6,60,1,10.0,0,179,Sydney Thunder SRL
73285244,2,6,57,1,9.5,5,148,Melbourne Stars SRL
73285246,1,6,43,2,7.166666666666667,11,175,Perth Scorchers SRL
73285246,2,6,28,1,4.666666666666667,16,135,Sydney Sixers SRL
73285248,1,6,33,3,5.5,1,126,Brisbane Heat SRL
73285248,2,6,56,1,9.333333333333334,0,128,Adelaide Strikers SRL
73285250,1,6,46,1,7.666666666666667,6,172,Sydney Thunder SRL
73285250,2,6,34,3,5.666666666666667,23,139,Sydney Sixers SRL
73285252,1,6,27,4,4.5,2,147,Perth Scorchers SRL
73285252,2,6,62,1,10.333333333333334,0,150,Melbourne Stars SRL
73285254,1,6,59,1,9.833333333333334,1,169,Melbourne Renegades SRL
73285254,2,6,43,2,7.166666666666667,4,146,Hobart Hurricanes SRL
73285256,1,6,57,0,9.5,2,194,Adelaide Strikers SRL
73285256,2,6,57,2,9.5,5,186,Melbourne Stars SRL
73285258,1,6,55,2,9.166666666666666,5,189,Brisbane Heat SRL
73285258,2,6,53,1,8.833333333333334,0,167,Perth Scorchers SRL
73285260,1,6,52,0,8.666666666666666,5,170,Hobart Hurricanes SRL
73285260,2,6,31,3,5.166666666666667,0,134,Sydney Thunder SRL
73285262,1,6,70,1,11.666666666666666,3,193,Adelaide Strikers SRL
73285262,2,6,41,1,6.833333333333333,3,156,Sydney Sixers SRL
73285264,1,6,36,2,6.0,2,142,Adelaide Strikers SRL
73285264,2,6,34,3,5.666666666666667,3,143,Perth Scorchers SRL
73285266,1,6,48,0,8.0,3,179,Brisbane Heat SRL
73285266,2,6,48,1,8.0,1,184,Sydney Sixers SRL
73285268,1,6,44,2,7.333333333333333,6,160,Sydney Thunder SRL
73285268,2,6,49,1,8.166666666666666,5,164,Hobart Hurricanes SRL
73285270,1,6,56,2,9.333333333333334,0,170,Melbourne Renegades SRL
73285270,2,6,39,0,6.5,0,134,Melbourne Stars SRL
73285272,1,6,44,0,7.333333333333333,0,175,Perth Scorchers SRL
73285272,2,6,58,0,9.666666666666666,0,176,Adelaide Strikers SRL
73285274,1,6,45,2,7.5,7,151,Brisbane Heat SRL
73285274,2,6,48,1,8.0,0,147,Sydney Thunder SRL
73285276,1,6,47,2,7.833333333333333,5,164,Melbourne Stars SRL
73285276,2,6,37,1,6.166666666666667,0,141,Hobart Hurricanes SRL
73285278,1,6,28,3,4.666666666666667,1,147,Melbourne Renegades SRL
73285278,2,6,39,3,6.5,9,152,Perth Scorchers SRL
74113630,1,6,51,2,8.5,1,148,Melbourne Stars SRL
74113630,2,6,57,0,9.5,4,149,Adelaide Strikers SRL
74113632,1,6,57,0,9.5,3,214,Brisbane Heat SRL
74113632,2,6,64,0,10.666666666666666,1,192,Perth Scorchers SRL
74113634,1,6,43,3,7.166666666666667,12,162,Hobart Hurricanes SRL
74113634,2,6,54,1,9.0,2,163,Sydney Thunder SRL
74113636,1,6,55,1,9.166666666666666,0,202,Sydney Sixers SRL
74113636,2,6,39,3,6.5,4,139,Adelaide Strikers SRL
74113802,1,6,58,0,9.666666666666666,3,207,Sunrisers Hyderabad SRL
74113802,2,6,47,1,7.833333333333333,4,182,Chennai Super Kings SRL
74113804,1,6,83,0,13.833333333333334,3,222,Royal Challengers Bangalore SRL
74113804,2,6,70,1,11.666666666666666,0,223,Delhi Capitals SRL
74113806,1,6,56,2,9.333333333333334,4,173,Gujarat Titans SRL
74113806,2,6,50,0,8.333333333333334,2,174,Rajasthan Royals SRL
74113808,1,6,43,1,7.166666666666667,4,201,Punjab Kings SRL
74113808,2,6,74,1,12.333333333333334,1,200,Kolkata Knight Riders SRL
74113976,1,6,38,2,6.333333333333333,7,167,Karachi Kings SRL
74113976,2,6,33,2,5.5,8,164,Lahore Qalandars SRL
74113978,1,6,65,0,10.833333333333334,4,205,Multan Sultans SRL
74113978,2,6,61,1,10.166666666666666,0,191,Rawalpindiz SRL
74113980,1,6,73,1,12.166666666666666,4,221,Quetta Gladiators SRL
74113980,2,6,64,1,10.666666666666666,6,169,Peshawar Zalmi SRL
74113982,1,6,36,3,6.0,0,168,Karachi Kings SRL
74113982,2,6,58,1,9.666666666666666,6,169,Islamabad United SRL
74114238,1,6,52,3,8.666666666666666,10,147,Durban Super Giants SRL
74114238,2,6,49,1,8.166666666666666,0,151,Sunrisers Eastern Cape SRL
74114240,1,6,55,0,9.166666666666666,2,165,Mi Cape Town SRL
74114240,2,6,43,3,7.166666666666667,2,168,Pretoria Capitals SRL
74114242,1,6,55,1,9.166666666666666,0,191,Joburg Super Kings SRL
74114242,2,6,51,1,8.5,1,173,Paarl Royals SRL
74114244,1,6,50,1,8.333333333333334,5,205,Mi Cape Town SRL
74114244,2,6,40,2,6.666666666666667,4,154,Durban Super Giants SRL
74114428,1,6,44,3,7.333333333333333,6,97,Northern Districts SRL
74114428,2,6,34,3,5.666666666666667,12,100,Central Districts SRL
74114430,1,6,37,1,6.166666666666667,8,152,Auckland SRL
74114430,2,6,55,1,9.166666666666666,2,155,Northern Districts SRL
74114432,1,6,38,2,6.333333333333333,7,157,Wellington SRL
74114432,2,6,53,2,8.833333333333334,4,142,Central Districts SRL
74114434,1,6,49,1,8.166666666666666,0,198,Wellington SRL
74114434,2,6,36,3,6.0,4,190,Auckland SRL
74114558,1,6,50,0,8.333333333333334,0,177,Pakistan SRL
74114558,2,6,51,0,8.5,1,182,South Africa SRL
74114560,1,6,31,4,5.166666666666667,23,125,England SRL
74114560,2,6,58,0,9.666666666666666,0,126,India SRL
74114562,1,6,46,3,7.666666666666667,8,147,West Indies SRL
74114562,2,6,49,0,8.166666666666666,3,150,New Zealand SRL
74114564,1,6,52,1,8.666666666666666,0,160,Pakistan SRL
74114564,2,6,35,2,5.833333333333333,0,156,Sri Lanka SRL
74114566,1,6,56,1,9.333333333333334,2,196,Australia SRL
74114566,2,6,28,4,4.666666666666667,19,114,South Africa SRL
74114568,1,6,79,1,13.166666666666666,0,195,Afghanistan SRL
74114568,2,6,47,0,7.833333333333333,2,167,Bangladesh SRL
