match_id,innings,over_mark,final_score,predicted_score,error,absolute_error
71617682,1,6,162,193.33333333333331,-31.333333333333314,31.333333333333314
71617682,2,6,163,156.66666666666666,6.333333333333343,6.333333333333343
71770378,1,6,161,96.66666666666666,64.33333333333334,64.33333333333334
71770378,2,6,165,126.66666666666666,38.33333333333334,38.33333333333334
71770382,1,6,204,196.66666666666669,7.333333333333314,7.333333333333314
71770382,2,6,179,176.66666666666669,2.3333333333333144,2.3333333333333144
71770390,1,6,130,120.0,10.0,10.0
71770390,2,6,135,180.0,-45.0,45.0
71770402,1,6,153,136.66666666666666,16.333333333333343,16.333333333333343
71770402,2,6,144,116.66666666666666,27.333333333333343,27.333333333333343
71770408,1,6,167,133.33333333333334,33.66666666666666,33.66666666666666
71770408,2,6,157,173.33333333333331,-16.333333333333314,16.333333333333314
71770416,1,6,187,203.33333333333331,-16.333333333333314,16.333333333333314
71770416,2,6,185,160.0,25.0,25.0
71770432,1,6,133,130.0,3.0,3.0
71770432,2,6,134,143.33333333333334,-9.333333333333343,9.333333333333343
71770442,1,6,171,173.33333333333331,-2.3333333333333144,2.3333333333333144
71770442,2,6,172,183.33333333333331,-11.333333333333314,11.333333333333314
71770444,1,6,148,133.33333333333334,14.666666666666657,14.666666666666657
71770444,2,6,149,163.33333333333331,-14.333333333333314,14.333333333333314
71770448,1,6,190,160.0,30.0,30.0
71770448,2,6,172,176.66666666666669,-4.666666666666686,4.666666666666686
71770462,1,6,174,170.0,4.0,4.0
71770462,2,6,176,150.0,26.0,26.0
71770468,1,6,182,160.0,22.0,22.0
71770468,2,6,184,180.0,4.0,4.0
71770474,1,6,193,160.0,33.0,33.0
71770474,2,6,179,170.0,9.0,9.0
71770476,1,6,168,150.0,18.0,18.0
71770476,2,6,151,156.66666666666666,-5.666666666666657,5.666666666666657
71770494,1,6,250,216.66666666666669,33.333333333333314,33.333333333333314
71770494,2,6,191,180.0,11.0,11.0
71770496,1,6,189,176.66666666666669,12.333333333333314,12.333333333333314
71770496,2,6,176,153.33333333333334,22.666666666666657,22.666666666666657
71770498,1,6,164,173.33333333333331,-9.333333333333314,9.333333333333314
71770498,2,6,165,190.0,-25.0,25.0
71770510,1,6,128,160.0,-32.0,32.0
71770510,2,6,130,123.33333333333334,6.666666666666657,6.666666666666657
71770530,1,6,153,146.66666666666666,6.333333333333343,6.333333333333343
71770530,2,6,156,233.33333333333331,-77.33333333333331,77.33333333333331
71770532,1,6,160,156.66666666666666,3.333333333333343,3.333333333333343
71770532,2,6,152,183.33333333333331,-31.333333333333314,31.333333333333314
71770538,1,6,240,236.66666666666669,3.3333333333333144,3.3333333333333144
71770538,2,6,154,183.33333333333331,-29.333333333333314,29.333333333333314
71770540,1,6,160,203.33333333333331,-43.333333333333314,43.333333333333314
71770540,2,6,162,106.66666666666666,55.33333333333334,55.33333333333334
71770542,1,6,163,153.33333333333334,9.666666666666657,9.666666666666657
71770542,2,6,168,180.0,-12.0,12.0
71770550,1,6,141,93.33333333333334,47.66666666666666,47.66666666666666
71770550,2,6,144,180.0,-36.0,36.0
71770554,1,6,162,173.33333333333331,-11.333333333333314,11.333333333333314
71770554,2,6,164,163.33333333333331,0.6666666666666856,0.6666666666666856
71770566,1,6,173,180.0,-7.0,7.0
71770566,2,6,175,133.33333333333334,41.66666666666666,41.66666666666666
71770572,1,6,185,150.0,35.0,35.0
71770572,2,6,186,156.66666666666666,29.333333333333343,29.333333333333343
71770612,1,6,174,206.66666666666669,-32.666666666666686,32.666666666666686
71770612,2,6,176,180.0,-4.0,4.0
71770620,1,6,170,160.0,10.0,10.0
71770620,2,6,141,113.33333333333334,27.666666666666657,27.666666666666657
71770626,1,6,174,123.33333333333334,50.66666666666666,50.66666666666666
71770626,2,6,175,136.66666666666666,38.33333333333334,38.33333333333334
71770632,1,6,248,240.0,8.0,8.0
71770632,2,6,158,100.0,58.0,58.0
71770634,1,6,127,120.0,7.0,7.0
71770634,2,6,128,173.33333333333331,-45.333333333333314,45.333333333333314
71770638,1,6,156,96.66666666666666,59.33333333333334,59.33333333333334
71770638,2,6,159,206.66666666666669,-47.666666666666686,47.666666666666686
71770642,1,6,156,136.66666666666666,19.333333333333343,19.333333333333343
71770642,2,6,107,100.0,7.0,7.0
71932602,1,6,157,130.0,27.0,27.0
71932602,2,6,143,100.0,43.0,43.0
71932606,1,6,182,160.0,22.0,22.0
71932606,2,6,144,163.33333333333331,-19.333333333333314,19.333333333333314
71932642,1,6,161,166.66666666666669,-5.666666666666686,5.666666666666686
71932642,2,6,140,153.33333333333334,-13.333333333333343,13.333333333333343
71932646,1,6,188,166.66666666666669,21.333333333333314,21.333333333333314
71932646,2,6,169,150.0,19.0,19.0
71932650,1,6,185,203.33333333333331,-18.333333333333314,18.333333333333314
71932650,2,6,171,190.0,-19.0,19.0
71932658,1,6,135,123.33333333333334,11.666666666666657,11.666666666666657
71932658,2,6,137,133.33333333333334,3.666666666666657,3.666666666666657
71932706,1,6,162,173.33333333333331,-11.333333333333314,11.333333333333314
71932706,2,6,164,246.66666666666669,-82.66666666666669,82.66666666666669
71932718,1,6,199,176.66666666666669,22.333333333333314,22.333333333333314
71932718,2,6,199,123.33333333333334,75.66666666666666,75.66666666666666
71932766,1,6,181,173.33333333333331,7.666666666666686,7.666666666666686
71932766,2,6,175,170.0,5.0,5.0
71932782,1,6,192,180.0,12.0,12.0
71932782,2,6,178,203.33333333333331,-25.333333333333314,25.333333333333314
71932784,1,6,150,113.33333333333334,36.66666666666666,36.66666666666666
71932784,2,6,154,203.33333333333331,-49.333333333333314,49.333333333333314
71932806,1,6,150,110.0,40.0,40.0
71932806,2,6,144,156.66666666666666,-12.666666666666657,12.666666666666657
71932848,1,6,160,183.33333333333331,-23.333333333333314,23.333333333333314
71932848,2,6,164,230.0,-66.0,66.0
71932854,1,6,193,183.33333333333331,9.666666666666686,9.666666666666686
71932854,2,6,166,190.0,-24.0,24.0
71932884,1,6,166,156.66666666666666,9.333333333333343,9.333333333333343
71932884,2,6,113,110.0,3.0,3.0
73281448,1,6,165,166.66666666666669,-1.6666666666666856,1.6666666666666856
73281448,2,6,167,210.0,-43.0,43.0
73281460,1,6,194,213.33333333333331,-19.333333333333314,19.333333333333314
73281460,2,6,166,173.33333333333331,-7.333333333333314,7.333333333333314
73281464,1,6,207,226.66666666666669,-19.666666666666686,19.666666666666686
73281464,2,6,123,106.66666666666666,16.333333333333343,16.333333333333343
73281474,1,6,145,106.66666666666666,38.33333333333334,38.33333333333334
73281474,2,6,144,113.33333333333334,30.666666666666657,30.666666666666657
73281488,1,6,214,223.33333333333331,-9.333333333333314,9.333333333333314
73281488,2,6,194,210.0,-16.0,16.0
73281492,1,6,187,173.33333333333331,13.666666666666686,13.666666666666686
73281492,2,6,154,130.0,24.0,24.0
73281808,1,6,164,180.0,-16.0,16.0
73281808,2,6,165,183.33333333333331,-18.333333333333314,18.333333333333314
73281810,1,6,165,203.33333333333331,-38.333333333333314,38.333333333333314
73281810,2,6,167,183.33333333333331,-16.333333333333314,16.333333333333314
73281832,1,6,141,106.66666666666666,34.33333333333334,34.33333333333334
73281832,2,6,144,190.0,-46.0,46.0
73281834,1,6,156,150.0,6.0,6.0
73281834,2,6,157,173.33333333333331,-16.333333333333314,16.333333333333314
73284070,1,6,171,186.66666666666669,-15.666666666666686,15.666666666666686
73284070,2,6,150,143.33333333333334,6.666666666666657,6.666666666666657
73284100,1,6,154,156.66666666666666,-2.666666666666657,2.666666666666657
73284100,2,6,158,136.66666666666666,21.333333333333343,21.333333333333343
73284484,1,6,185,120.0,65.0,65.0
73284484,2,6,186,170.0,16.0,16.0
73284492,1,6,201,193.33333333333331,7.666666666666686,7.666666666666686
73284492,2,6,202,226.66666666666669,-24.666666666666686,24.666666666666686
73284948,1,6,158,126.66666666666666,31.333333333333343,31.333333333333343
73284948,2,6,162,136.66666666666666,25.333333333333343,25.333333333333343
73284966,1,6,165,156.66666666666666,8.333333333333343,8.333333333333343
73284966,2,6,166,230.0,-64.0,64.0
73284970,1,6,181,146.66666666666666,34.33333333333334,34.33333333333334
73284970,2,6,182,173.33333333333331,8.666666666666686,8.666666666666686
73284980,1,6,180,110.0,70.0,70.0
73284980,2,6,181,233.33333333333331,-52.333333333333314,52.333333333333314
73285254,1,6,169,196.66666666666669,-27.666666666666686,27.666666666666686
73285254,2,6,146,143.33333333333334,2.666666666666657,2.666666666666657
73285270,1,6,170,186.66666666666669,-16.666666666666686,16.666666666666686
73285270,2,6,134,130.0,4.0,4.0
73285272,1,6,175,146.66666666666666,28.333333333333343,28.333333333333343
73285272,2,6,176,193.33333333333331,-17.333333333333314,17.333333333333314
73285274,1,6,151,150.0,1.0,1.0
73285274,2,6,147,160.0,-13.0,13.0
74113632,1,6,214,190.0,24.0,24.0
74113632,2,6,192,213.33333333333331,-21.333333333333314,21.333333333333314
74113976,1,6,167,126.66666666666666,40.33333333333334,40.33333333333334
74113976,2,6,164,110.0,54.0,54.0
74114242,1,6,191,183.33333333333331,7.666666666666686,7.666666666666686
74114242,2,6,173,170.0,3.0,3.0
74114430,1,6,152,123.33333333333334,28.666666666666657,28.666666666666657
74114430,2,6,155,183.33333333333331,-28.333333333333314,28.333333333333314
74114562,1,6,147,153.33333333333334,-6.333333333333343,6.333333333333343
74114562,2,6,150,163.33333333333331,-13.333333333333314,13.333333333333314
